



-- phpMyAdmin SQL Dump
-- version 5.1.2
-- https://www.phpmyadmin.net/
--
-- Host: localhost:3306
-- Generation Time: Sep 18, 2023 at 05:38 AM
-- Server version: 5.7.24
-- PHP Version: 8.0.28

SET SQL_MODE = "NO_AUTO_VALUE_ON_ZERO";
START TRANSACTION;
SET time_zone = "+00:00";


/*!40101 SET @OLD_CHARACTER_SET_CLIENT=@@CHARACTER_SET_CLIENT */;
/*!40101 SET @OLD_CHARACTER_SET_RESULTS=@@CHARACTER_SET_RESULTS */;
/*!40101 SET @OLD_COLLATION_CONNECTION=@@COLLATION_CONNECTION */;
/*!40101 SET NAMES utf8mb4 */;

--
-- Database: `cleaning_services`
--

-- --------------------------------------------------------

--
-- Table structure for table `adreessdist`
--

CREATE TABLE `adreessdist` (
  `dist` varchar(5) NOT NULL,
  `v` varchar(30) NOT NULL,
  `A_I` int(11) NOT NULL
) ENGINE=InnoDB DEFAULT CHARSET=utf8mb4;

--
-- Dumping data for table `adreessdist`
--

INSERT INTO `adreessdist` (`dist`, `v`, `A_I`) VALUES
('中區', 'Central', 1),
('北區', 'North', 2),
('南區', 'South', 3),
('西區', 'West', 4),
('東區', 'Eastern', 5),
('北屯區', 'Beitun', 6),
('南屯區', 'Nantun', 7),
('西屯區', 'Xitun', 8),
('豐原區', 'Fengyuan', 9),
('大里區', 'Dali', 10),
('太平區', 'Taiping', 11),
('烏日區', 'Uri', 12),
('大雅區', 'Daya', 13),
('潭子區', 'Tanzi', 14),
('新社區', 'Xinshe', 15),
('神岡區', 'Shengang', 16),
('龍井區', 'Longjing', 17),
('沙鹿區', 'Shalu', 18);

-- --------------------------------------------------------

--
-- Table structure for table `attendance`
--

CREATE TABLE `attendance` (
  `employeeid` varchar(5) NOT NULL,
  `mode` int(1) NOT NULL,
  `time` int(1) NOT NULL,
  `date` date DEFAULT NULL
) ENGINE=InnoDB DEFAULT CHARSET=utf8mb4;

--
-- Dumping data for table `attendance`
--

INSERT INTO `attendance` (`employeeid`, `mode`, `time`, `date`) VALUES
('RA001', 0, 1, '2023-09-25'),
('RA001', 0, 1, '2023-10-02'),
('RA001', 0, 1, '2023-10-09'),
('RA001', 0, 1, '2023-10-16'),
('RA001', 0, 1, '2023-10-23'),
('RA001', 0, 1, '2023-10-30'),
('RA001', 0, 2, '2023-09-30'),
('RA001', 0, 2, '2023-10-07'),
('RA001', 0, 2, '2023-10-14'),
('RA001', 0, 2, '2023-10-21'),
('RA001', 0, 2, '2023-10-28'),
('RA001', 0, 2, '2023-11-04'),
('RA001', 0, 2, '2023-11-11'),
('RA001', 0, 2, '2023-11-18'),
('RA001', 0, 2, '2023-11-25'),
('RA001', 0, 2, '2023-12-02'),
('RA001', 0, 2, '2023-12-09'),
('RA001', 0, 2, '2023-12-16'),
('RA001', 0, 2, '2023-12-23'),
('RA001', 0, 2, '2023-12-30'),
('RA001', 0, 2, '2024-01-06'),
('RA001', 0, 2, '2024-01-13'),
('RA002', 0, 1, '2023-09-29'),
('RA002', 0, 1, '2023-10-06'),
('RA002', 0, 1, '2023-10-13'),
('RA002', 0, 1, '2023-10-20'),
('RA002', 0, 1, '2023-10-27'),
('RA002', 0, 1, '2023-11-03'),
('RA002', 0, 1, '2023-11-10'),
('RA002', 0, 1, '2023-11-17'),
('RA002', 0, 1, '2023-11-24'),
('RA002', 0, 1, '2023-12-01'),
('RA002', 0, 1, '2023-12-08'),
('RA002', 0, 1, '2023-12-15'),
('RA002', 0, 1, '2023-12-22'),
('RA002', 0, 1, '2023-12-29'),
('RA002', 0, 1, '2024-01-05'),
('RA002', 0, 1, '2024-01-12'),
('RA002', 0, 1, '2024-01-19'),
('RA002', 0, 1, '2024-01-26'),
('RA002', 0, 1, '2024-02-02'),
('RA002', 0, 1, '2024-02-09'),
('RA002', 0, 1, '2024-02-16'),
('RA002', 0, 1, '2023-09-22'),
('RA002', 0, 1, '2023-09-29'),
('RA002', 0, 1, '2023-10-06'),
('RA002', 0, 1, '2023-10-13'),
('RA003', 0, 1, '2023-09-25'),
('RA003', 0, 1, '2023-10-02'),
('RA003', 0, 1, '2023-10-09'),
('RA003', 0, 1, '2023-10-16'),
('RA003', 0, 1, '2023-10-23'),
('RA003', 0, 1, '2023-10-30'),
('RA003', 0, 1, '2023-11-06'),
('RA003', 0, 1, '2023-11-13'),
('RA003', 0, 1, '2023-11-20'),
('RA003', 0, 1, '2023-11-27'),
('RA003', 0, 1, '2023-12-04'),
('RA003', 0, 1, '2023-12-11'),
('RA003', 0, 1, '2023-12-18'),
('RA003', 0, 1, '2023-12-25'),
('RA003', 0, 1, '2024-01-01'),
('RA003', 0, 1, '2024-01-08'),
('RA003', 0, 1, '2024-01-15'),
('RA003', 0, 1, '2024-01-22'),
('RA003', 0, 1, '2024-01-29'),
('RA003', 0, 1, '2023-09-23'),
('RA003', 0, 1, '2023-09-30'),
('RA003', 0, 1, '2023-10-07'),
('RA003', 0, 1, '2023-10-14'),
('RA003', 0, 1, '2023-10-21'),
('RA003', 0, 1, '2023-10-28'),
('RA003', 0, 1, '2023-11-04'),
('RA003', 0, 1, '2023-11-11'),
('RA003', 0, 1, '2023-11-18'),
('RA003', 0, 1, '2023-11-25'),
('RA003', 0, 1, '2023-12-02'),
('RA003', 0, 1, '2023-12-09'),
('RA003', 0, 1, '2023-12-16'),
('RA003', 0, 1, '2023-12-23'),
('RA003', 0, 1, '2023-12-30'),
('RA004', 0, 1, '2023-09-30'),
('RA004', 0, 1, '2023-10-07'),
('RA004', 0, 1, '2023-10-14'),
('RA004', 0, 1, '2023-10-21'),
('RA004', 0, 1, '2023-10-28'),
('RA004', 0, 1, '2023-11-04'),
('RA004', 0, 1, '2023-11-11'),
('RA004', 0, 1, '2023-11-18'),
('RA004', 0, 1, '2023-11-25'),
('RA004', 0, 1, '2023-12-02'),
('RA004', 0, 1, '2023-12-09'),
('RA004', 0, 1, '2023-12-16'),
('RA004', 0, 1, '2023-12-23'),
('RA004', 0, 1, '2023-09-23'),
('RA004', 0, 1, '2023-09-30'),
('RA004', 0, 1, '2023-10-07'),
('RA004', 0, 1, '2023-10-14'),
('RA004', 0, 1, '2023-10-21'),
('RA004', 0, 1, '2023-10-28'),
('RA004', 0, 1, '2023-11-04'),
('RA004', 0, 1, '2023-11-11'),
('RA004', 0, 1, '2023-11-18'),
('RA005', 0, 1, '2023-09-23'),
('RA005', 0, 1, '2023-09-30'),
('RA005', 0, 1, '2023-10-07'),
('RA005', 0, 1, '2023-10-14'),
('RA005', 0, 1, '2023-10-21'),
('RA005', 0, 1, '2023-10-28'),
('RA005', 0, 1, '2023-11-04'),
('RA005', 0, 1, '2023-11-11'),
('RA005', 0, 1, '2023-11-18'),
('RA005', 0, 1, '2023-11-25'),
('RA005', 0, 1, '2023-12-02'),
('RA005', 0, 1, '2023-12-09'),
('RA005', 0, 1, '2023-12-16'),
('RA005', 0, 1, '2023-12-23'),
('RA005', 0, 1, '2023-12-30'),
('RA005', 0, 1, '2023-09-25'),
('RA005', 0, 1, '2023-10-02'),
('RA005', 0, 1, '2023-10-09'),
('RA005', 0, 1, '2023-10-16'),
('RA005', 0, 1, '2023-10-23'),
('RA005', 0, 1, '2023-10-30'),
('RA005', 0, 1, '2023-11-06'),
('RA005', 0, 1, '2023-11-13'),
('RA005', 0, 1, '2023-11-20'),
('RA005', 0, 1, '2023-11-27'),
('RA005', 0, 1, '2023-12-04'),
('RA005', 0, 1, '2023-12-11'),
('RA005', 0, 1, '2023-09-26'),
('RA005', 0, 1, '2023-10-03'),
('RA005', 0, 1, '2023-10-10'),
('RA005', 0, 1, '2023-10-17'),
('RA005', 0, 1, '2023-10-24'),
('RA005', 0, 1, '2023-10-31'),
('RA005', 0, 1, '2023-11-07'),
('RA006', 0, 1, '2023-09-22'),
('RA006', 0, 1, '2023-09-29'),
('RA006', 0, 1, '2023-10-06'),
('RA006', 0, 1, '2023-10-13'),
('RA006', 0, 2, '2023-09-30'),
('RA006', 0, 2, '2023-10-07'),
('RA006', 0, 2, '2023-10-14'),
('RA006', 0, 2, '2023-10-21'),
('RA006', 0, 2, '2023-10-28'),
('RA006', 0, 2, '2023-11-04'),
('RA006', 0, 2, '2023-11-11'),
('RA006', 0, 2, '2023-11-18'),
('RA006', 0, 2, '2023-11-25'),
('RA006', 0, 2, '2023-12-02'),
('RA006', 0, 2, '2023-12-09'),
('RA006', 0, 2, '2023-12-16'),
('RA006', 0, 2, '2023-12-23'),
('RA006', 0, 2, '2023-12-30'),
('RA006', 0, 2, '2024-01-06'),
('RA006', 0, 2, '2024-01-13'),
('RA006', 0, 2, '2024-01-20'),
('RA006', 0, 0, '2023-09-28'),
('RA006', 0, 0, '2023-10-05'),
('RA006', 0, 0, '2023-10-12'),
('RA006', 0, 0, '2023-10-19'),
('RA006', 0, 2, '2023-09-22'),
('RA006', 0, 2, '2023-09-29'),
('RA006', 0, 2, '2023-10-06'),
('RA006', 0, 2, '2023-10-13'),
('RA006', 0, 2, '2023-10-20'),
('RA006', 0, 2, '2023-10-27'),
('RA006', 0, 2, '2023-11-03'),
('RA006', 0, 2, '2023-11-10'),
('RA006', 0, 2, '2023-11-17'),
('RA006', 0, 2, '2023-11-24'),
('RA006', 0, 2, '2023-12-01'),
('RA006', 0, 2, '2023-12-08'),
('RA006', 0, 2, '2023-12-15'),
('RA006', 0, 2, '2023-12-22'),
('RA006', 0, 2, '2023-12-29'),
('RA006', 0, 2, '2024-01-05'),
('RA006', 0, 2, '2024-01-12'),
('RA006', 0, 2, '2024-01-19'),
('RA006', 0, 2, '2024-01-26'),
('RA006', 0, 2, '2024-02-02'),
('RA001', 0, 1, '2023-09-29'),
('RA001', 0, 1, '2023-10-06'),
('RA001', 0, 1, '2023-10-13'),
('RA001', 0, 1, '2023-10-20'),
('RA001', 0, 1, '2023-10-27'),
('RA001', 0, 1, '2023-11-03'),
('RA001', 0, 1, '2023-11-10'),
('RA001', 0, 1, '2023-11-17'),
('RA001', 0, 1, '2023-11-24'),
('RA001', 0, 1, '2023-12-01'),
('RA001', 0, 1, '2023-12-08'),
('RA001', 0, 1, '2023-12-15'),
('RA001', 0, 1, '2023-12-22'),
('RA001', 0, 1, '2023-12-29'),
('RA001', 0, 1, '2024-01-05'),
('RA001', 0, 1, '2024-01-12'),
('RA001', 0, 1, '2024-01-19'),
('RA001', 0, 1, '2024-01-26'),
('RA001', 0, 1, '2024-02-02'),
('RA001', 0, 1, '2024-02-09'),
('RA004', 0, 1, '2023-09-27'),
('RA004', 0, 1, '2023-10-04'),
('RA004', 0, 1, '2023-10-11'),
('RA004', 0, 1, '2023-10-18'),
('RA004', 0, 1, '2023-10-25'),
('RA004', 0, 1, '2023-11-01'),
('RA004', 0, 1, '2023-11-08'),
('RA004', 0, 1, '2023-11-15'),
('RA004', 0, 1, '2023-11-22'),
('RA004', 0, 1, '2023-11-29'),
('RA004', 0, 1, '2023-12-06'),
('RA004', 0, 1, '2023-12-13'),
('RA004', 0, 1, '2023-12-20'),
('RA004', 0, 1, '2023-12-27'),
('RA004', 0, 1, '2024-01-03'),
('RA004', 0, 1, '2024-01-10'),
('RA004', 0, 1, '2024-01-17'),
('RA004', 0, 1, '2024-01-24'),
('RA004', 0, 1, '2024-01-31'),
('RA004', 0, 1, '2024-02-07'),
('RA004', 0, 1, '2024-02-14'),
('RA005', 0, 1, '2023-09-29'),
('RA005', 0, 1, '2023-10-06'),
('RA005', 0, 1, '2023-10-13'),
('RA005', 0, 1, '2023-10-20'),
('RA005', 0, 1, '2023-10-27'),
('RA005', 0, 1, '2023-11-03'),
('RA005', 0, 1, '2023-11-10'),
('RA005', 0, 1, '2023-11-17'),
('RA005', 0, 1, '2023-11-24'),
('RA005', 0, 1, '2023-12-01'),
('RA005', 0, 1, '2023-12-08'),
('RA005', 0, 1, '2023-12-15'),
('RA005', 0, 1, '2023-12-22'),
('RA005', 0, 1, '2023-12-29'),
('RA005', 0, 1, '2024-01-05'),
('RA005', 0, 1, '2024-01-12'),
('RA005', 0, 1, '2024-01-19'),
('RA005', 0, 1, '2024-01-26'),
('RA005', 0, 1, '2024-02-02'),
('RA005', 0, 1, '2024-02-09'),
('RA002', 0, 1, '2023-09-19'),
('RA002', 0, 1, '2023-09-26'),
('RA002', 0, 1, '2023-10-03'),
('RA002', 0, 1, '2023-10-10'),
('RA002', 0, 1, '2023-10-17'),
('RA002', 0, 1, '2023-10-24'),
('RA002', 0, 1, '2023-10-31'),
('RA002', 0, 1, '2023-11-07'),
('RA002', 0, 1, '2023-11-14'),
('RA002', 0, 1, '2023-11-21'),
('RA002', 0, 1, '2023-11-28'),
('RA002', 0, 1, '2023-12-05'),
('RA002', 0, 1, '2023-12-12'),
('RA002', 0, 1, '2023-12-19'),
('RA002', 0, 1, '2023-12-26'),
('RA002', 0, 1, '2024-01-02'),
('RA002', 0, 1, '2024-01-09'),
('RA002', 0, 1, '2024-01-16'),
('RA003', 0, 0, '2023-09-19'),
('RA003', 0, 0, '2023-09-26'),
('RA003', 0, 0, '2023-10-03'),
('RA003', 0, 0, '2023-10-10'),
('RA003', 0, 1, '2023-09-27'),
('RA003', 0, 1, '2023-10-04'),
('RA003', 0, 1, '2023-10-11'),
('RA003', 0, 1, '2023-10-18'),
('RA003', 0, 1, '2023-10-25'),
('RA003', 0, 1, '2023-11-01'),
('RA003', 0, 1, '2023-11-08'),
('RA003', 0, 1, '2023-11-15'),
('RA003', 0, 1, '2023-11-22'),
('RA003', 0, 1, '2023-11-29'),
('RA003', 0, 1, '2023-12-06'),
('RA003', 0, 1, '2023-12-13'),
('RA003', 0, 1, '2023-12-20'),
('RA003', 0, 1, '2023-12-27'),
('RA003', 0, 1, '2024-01-03'),
('RA003', 0, 1, '2024-01-10'),
('RA003', 0, 1, '2024-01-17'),
('RA001', 0, 1, '2023-09-19'),
('RA001', 0, 1, '2023-09-26'),
('RA001', 0, 1, '2023-10-03'),
('RA001', 0, 1, '2023-10-10'),
('RA004', 0, 2, '2023-09-21'),
('RA004', 0, 2, '2023-09-28'),
('RA004', 0, 2, '2023-10-05'),
('RA004', 0, 2, '2023-10-12'),
('RA002', 0, 1, '2023-09-20'),
('RA002', 0, 1, '2023-09-27'),
('RA002', 0, 1, '2023-10-04'),
('RA002', 0, 1, '2023-10-11'),
('RA006', 0, 1, '2023-09-23'),
('RA006', 0, 1, '2023-09-30'),
('RA006', 0, 1, '2023-10-07'),
('RA006', 0, 1, '2023-10-14'),
('RA006', 0, 1, '2023-10-21'),
('RA006', 0, 1, '2023-10-28'),
('RA006', 0, 1, '2023-11-04'),
('RA006', 0, 1, '2023-11-11'),
('RA006', 0, 1, '2023-11-18'),
('RA006', 0, 1, '2023-11-25'),
('RA006', 0, 1, '2023-12-02'),
('RA006', 0, 1, '2023-12-09'),
('RA006', 0, 1, '2023-12-16'),
('RA006', 0, 1, '2023-12-23'),
('RA006', 0, 1, '2023-12-30'),
('RA001', 0, 1, '2023-09-23'),
('RA001', 0, 1, '2023-09-30'),
('RA001', 0, 1, '2023-10-07'),
('RA001', 0, 1, '2023-10-14'),
('RA001', 0, 1, '2023-09-27'),
('RA001', 0, 1, '2023-10-04'),
('RA001', 0, 1, '2023-10-11'),
('RA001', 0, 1, '2023-10-18'),
('RA004', 0, 0, '2023-09-20'),
('RA004', 0, 0, '2023-09-27'),
('RA004', 0, 0, '2023-10-04'),
('RA004', 0, 0, '2023-10-11'),
('RA005', 0, 1, '2023-09-27'),
('RA005', 0, 1, '2023-10-04'),
('RA005', 0, 1, '2023-10-11'),
('RA005', 0, 1, '2023-10-18'),
('RA005', 0, 1, '2023-10-25'),
('RA005', 0, 1, '2023-11-01'),
('RA005', 0, 1, '2023-11-08'),
('RA005', 0, 1, '2023-11-15'),
('RA005', 0, 1, '2023-11-22'),
('RA005', 0, 1, '2023-11-29'),
('RA005', 0, 1, '2023-12-06'),
('RA005', 0, 1, '2023-12-13'),
('RA006', 0, 1, '2023-09-27'),
('RA006', 0, 1, '2023-10-04'),
('RA006', 0, 1, '2023-10-11'),
('RA006', 0, 1, '2023-10-18'),
('RA001', 0, 0, '2023-09-23'),
('RA001', 0, 0, '2023-09-30'),
('RA001', 0, 0, '2023-10-07'),
('RA001', 0, 0, '2023-10-14'),
('RA001', 0, 0, '2023-10-21'),
('RA001', 0, 0, '2023-10-28'),
('RA001', 0, 0, '2023-11-04'),
('RA001', 0, 0, '2023-11-11'),
('RA001', 0, 0, '2023-11-18'),
('RA001', 0, 0, '2023-11-25'),
('RA001', 0, 1, '2023-10-21'),
('RA001', 0, 1, '2023-10-28'),
('RA001', 0, 1, '2023-11-04'),
('RA001', 0, 1, '2023-11-11'),
('RA001', 0, 1, '2023-11-18'),
('RA001', 0, 1, '2023-11-25'),
('RA001', 0, 1, '2023-12-02'),
('RA001', 0, 1, '2023-12-09'),
('RA001', 0, 1, '2023-12-16'),
('RA001', 0, 1, '2023-12-23'),
('RA001', 0, 1, '2023-12-30'),
('RA001', 0, 1, '2024-01-06'),
('RA001', 0, 2, '2023-09-23'),
('RA001', 0, 2, '2023-09-30'),
('RA001', 0, 2, '2023-10-07'),
('RA001', 0, 2, '2023-10-14'),
('RA001', 0, 2, '2023-10-21'),
('RA001', 0, 2, '2023-10-28'),
('RA001', 0, 2, '2023-11-04'),
('RA001', 0, 2, '2023-11-11'),
('RA001', 0, 2, '2023-11-18'),
('RA001', 0, 2, '2023-11-25'),
('RA001', 0, 2, '2023-12-02'),
('RA001', 0, 2, '2023-12-09'),
('RA001', 0, 2, '2023-09-22'),
('RA001', 0, 2, '2023-09-29'),
('RA001', 0, 2, '2023-10-06'),
('RA001', 0, 2, '2023-10-13'),
('RA001', 0, 2, '2023-10-20'),
('RA001', 0, 2, '2023-10-27'),
('RA001', 0, 2, '2023-11-03'),
('RA001', 0, 2, '2023-11-10'),
('RA001', 0, 2, '2023-11-17'),
('RA001', 0, 2, '2023-11-24'),
('RA001', 0, 2, '2023-12-01'),
('RA001', 0, 2, '2023-12-08');

-- --------------------------------------------------------

--
-- Table structure for table `blacklist`
--

CREATE TABLE `blacklist` (
  `userid` varchar(8) NOT NULL,
  `whyblacklist` varchar(100) NOT NULL DEFAULT '未說明',
  `blacktime` timestamp NOT NULL DEFAULT CURRENT_TIMESTAMP
) ENGINE=InnoDB DEFAULT CHARSET=utf8mb4;

-- --------------------------------------------------------

--
-- Table structure for table `employeeinfo`
--

CREATE TABLE `employeeinfo` (
  `employeeid` varchar(5) NOT NULL,
  `employeename` varchar(20) NOT NULL,
  `employeephone` varchar(10) NOT NULL,
  `employeeemail` varchar(50) NOT NULL,
  `photo` varchar(300) DEFAULT NULL,
  `vaccine` int(1) NOT NULL,
  `goodid` int(1) NOT NULL,
  `racheck` int(1) NOT NULL,
  `cases` int(5) NOT NULL DEFAULT '0',
  `employeepw` varchar(50) NOT NULL,
  `employeeidnumber` varchar(10) NOT NULL,
  `employeebirthday` date NOT NULL,
  `empcity` varchar(10) NOT NULL DEFAULT '臺中市',
  `emprural` varchar(10) NOT NULL,
  `empaddress` varchar(50) NOT NULL,
  `admin` int(1) NOT NULL DEFAULT '1',
  `employeetime` timestamp NOT NULL DEFAULT CURRENT_TIMESTAMP
) ENGINE=InnoDB DEFAULT CHARSET=utf8mb4;

--
-- Dumping data for table `employeeinfo`
--

INSERT INTO `employeeinfo` (`employeeid`, `employeename`, `employeephone`, `employeeemail`, `photo`, `vaccine`, `goodid`, `racheck`, `cases`, `employeepw`, `employeeidnumber`, `employeebirthday`, `empcity`, `emprural`, `empaddress`, `admin`, `employeetime`) VALUES
('RA001', '張信彌', '0972840742', 'donald4276@hotmail.com', '/images/uploads/RA001-2023-09-18T01-37-03.430Z.png', 1, 1, 1, 11, '139b42f33703a71377b9f0314d761dd7', 'V130563555', '1997-09-09', '臺中市', '太平區', '永豐路30號', 1, '2023-09-18 01:37:03'),
('RA002', '陸舟韜', '0934570939', 'pablo8236@gmail.com', '/images/uploads/RA002-2023-09-18T01-38-22.738Z.png', 1, 1, 1, 4, '64d6e178bf45ec5ca10a3a912825d9a0', 'S170185443', '2009-05-07', '臺中市', '西屯區', '福中七街8號', 1, '2023-09-18 01:38:22'),
('RA003', '陳玫菲', '0961441052', 'murphy9136@yahoo.com', '/images/uploads/RA003-2023-09-18T01-39-39.266Z.jpg', 1, 1, 1, 4, '7198074d3cd634ad6a292ff620ec6e69', 'L238073686', '1973-05-02', '臺中市', '西區', '忠信街21號', 1, '2023-09-18 01:39:39'),
('RA004', '阮嫣宛', '0912371835', 'kaylynn5375@gmail.com', '/images/uploads/RA004-2023-09-18T01-40-37.479Z.jpg', 1, 1, 1, 5, 'c05419d8a89e1cab13968f44b43eeb56', 'Q224242435', '1982-03-07', '臺中市', '西屯區', '朝富二街20號', 1, '2023-09-18 01:40:37'),
('RA005', '曾勛璟', '0989838704', 'robinson9577@icloud.com', '/images/uploads/RA005-2023-09-18T01-41-34.076Z.jpg', 1, 1, 1, 5, 'cbac75a3c747856be663cd989ec0f20e', 'B165385857', '2007-06-27', '臺中市', '大里區', '仁化工三路23號', 1, '2023-09-18 01:41:34'),
('RA006', '龔月林', '0935607450', 'carly9986@yahoo.com', '/images/uploads/RA006-2023-09-18T01-42-22.737Z.jpg', 1, 1, 1, 6, '356a078dcea834865abbfecb3274ca84', 'B292234890', '2010-06-18', '臺中市', '北區', '天津一街15號', 1, '2023-09-18 01:42:22');

-- --------------------------------------------------------

--
-- Table structure for table `evaluate`
--

CREATE TABLE `evaluate` (
  `ornumber` varchar(10) NOT NULL,
  `employeeid` varchar(5) NOT NULL,
  `efficiency` int(11) DEFAULT NULL,
  `clean` int(11) DEFAULT NULL,
  `careful` int(11) DEFAULT NULL,
  `manner` int(11) DEFAULT NULL,
  `reply` varchar(100) DEFAULT NULL,
  `state` int(2) DEFAULT NULL
) ENGINE=InnoDB DEFAULT CHARSET=utf8mb4;

--
-- Dumping data for table `evaluate`
--

INSERT INTO `evaluate` (`ornumber`, `employeeid`, `efficiency`, `clean`, `careful`, `manner`, `reply`, `state`) VALUES
('23091809IE', 'RA002', 4, 4, 4, 4, '哈哈', 2),
('23091809QY', 'RA005', 2, 3, 2, 3, '12221421', 2),
('23091809TU', 'RA001', 3, 3, 3, 3, '無評論內容', 2),
('23091809ZH', 'RA003', 2, 3, 2, 3, '無評論內容', 2),
('23091810NA', 'RA006', 5, 5, 5, 5, '很快很棒', 2),
('23091810XU', 'RA004', 5, 5, 5, 5, '沒評論', 2);

-- --------------------------------------------------------

--
-- Table structure for table `orderlist`
--

CREATE TABLE `orderlist` (
  `ornumber` varchar(10) NOT NULL,
  `orphone` varchar(10) NOT NULL,
  `oremail` varchar(50) NOT NULL,
  `orcity` varchar(10) NOT NULL,
  `orrural` varchar(10) NOT NULL,
  `oraddress` varchar(50) NOT NULL,
  `userid` varchar(8) NOT NULL,
  `orname` varchar(20) NOT NULL,
  `money` int(7) NOT NULL,
  `pay` varchar(1) NOT NULL,
  `ordertime` timestamp NOT NULL DEFAULT CURRENT_TIMESTAMP,
  `orderdone` datetime DEFAULT NULL,
  `state` int(2) NOT NULL,
  `note` varchar(150) DEFAULT NULL
) ENGINE=InnoDB DEFAULT CHARSET=utf8mb4;

--
-- Dumping data for table `orderlist`
--

INSERT INTO `orderlist` (`ornumber`, `orphone`, `oremail`, `orcity`, `orrural`, `oraddress`, `userid`, `orname`, `money`, `pay`, `ordertime`, `orderdone`, `state`, `note`) VALUES
('23091809AK', '0914009711', 'shelley5034@outlook.com', '臺中市', '沙鹿區', '民族路6號', 'RA000003', '劉星鋭', 16200, '1', '2023-09-18 01:52:10', '2023-09-18 10:22:30', 1, '晚上不在家'),
('23091809DM', '0914009711', 'shelley5034@outlook.com', '臺中市', '沙鹿區', '民族路6號', 'RA000003', '劉星鋭', 27000, '1', '2023-09-18 01:53:16', '2023-09-18 10:22:50', 1, '房下房客會說很吵'),
('23091809EB', '0930398746', 'barry3965@hotmail.com', '臺中市', '太平區', '園區五路6號', 'RA000005', '李傑寒', 8000, '1', '2023-09-18 01:58:29', '2023-09-18 10:22:56', 2, ''),
('23091809EH', '0930398746', 'barry3965@hotmail.com', '臺中市', '太平區', '園區五路6號', 'RA000005', '李傑寒', 32000, '1', '2023-09-18 01:58:59', '2023-09-18 10:23:02', 1, ''),
('23091809FN', '0936025896', 'johnson1848@gmail.com', '臺中市', '北屯區', '甲后路32號', 'RA000001', '孫博國', 25600, '1', '2023-09-18 01:44:40', '2023-09-18 10:23:07', 1, '晚上不在家'),
('23091809FS', '0914009711', 'shelley5034@outlook.com', '臺中市', '沙鹿區', '民族路6號', 'RA000003', '劉星鋭', 23400, '1', '2023-09-18 01:51:34', '2023-09-18 10:23:14', 2, '晚上不在家'),
('23091809IE', '0923230748', 'swift2607@icloud.com', '臺中市', '龍井區', '緯五路26號', 'RA000002', '沈子成', 8000, '1', '2023-09-18 01:47:53', '2023-09-18 10:23:19', 2, ''),
('23091809IF', '0936025896', 'johnson1848@gmail.com', '臺中市', '北屯區', '甲后路32號', 'RA000001', '孫博國', 33600, '1', '2023-09-18 01:45:33', '2023-09-18 10:24:35', 1, ''),
('23091809PC', '0929720369', 'adames6343@hotmail.com', '臺中市', '烏日區', '自強街13號', 'RA000004', '鄭源瀾', 21600, '1', '2023-09-18 01:55:04', '2023-09-18 10:25:17', 1, ''),
('23091809QY', '0929720369', 'adames6343@hotmail.com', '臺中市', '烏日區', '自強街13號', 'RA000004', '鄭源瀾', 14000, '1', '2023-09-18 01:55:49', '2023-09-18 10:25:11', 2, ''),
('23091809TU', '0936025896', 'johnson1848@gmail.com', '臺中市', '北屯區', '甲后路32號', 'RA000001', '孫博國', 12000, '1', '2023-09-18 01:43:48', '2023-09-18 10:24:48', 2, '房下房客會說很吵'),
('23091809UC', '0923230748', 'swift2607@icloud.com', '臺中市', '龍井區', '緯五路26號', 'RA000002', '沈子成', 30400, '1', '2023-09-18 01:48:39', '2023-09-18 10:25:00', 2, '晚上不在家'),
('23091809WA', '0929720369', 'adames6343@hotmail.com', '臺中市', '烏日區', '自強街13號', 'RA000004', '鄭源瀾', 8000, '1', '2023-09-18 01:56:33', '2023-09-18 10:25:22', 2, ''),
('23091809WU', '0930398746', 'barry3965@hotmail.com', '臺中市', '太平區', '園區五路6號', 'RA000005', '李傑寒', 27200, '1', '2023-09-18 01:57:56', '2023-09-18 10:25:28', 1, ''),
('23091809ZH', '0923230748', 'swift2607@icloud.com', '臺中市', '龍井區', '緯五路26號', 'RA000002', '沈子成', 27000, '1', '2023-09-18 01:49:54', '2023-09-18 10:26:28', 2, '晚上不在家'),
('23091810BX', '0931347252', 'rodney2738@hotmail.com', '臺中市', '西屯區', '天水西一街24號', 'RA000009', '王嘉堇', 8000, '1', '2023-09-18 02:17:42', '2023-09-18 10:25:48', 2, ''),
('23091810CK', '0922177963', 'lily2364@yahoo.com', '臺中市', '潭子區', '潭子街4號', 'RA000007', '陳偲璐', 27200, '1', '2023-09-18 02:12:12', '2023-09-18 10:26:48', 1, ''),
('23091810DN', '0922177963', 'lily2364@yahoo.com', '臺中市', '潭子區', '潭子街4號', 'RA000007', '陳偲璐', 8000, '1', '2023-09-18 02:11:31', NULL, 0, ''),
('23091810EJ', '0986550089', 'jerry8882@gmail.com', '臺中市', '南屯區', '文山一街16號', 'RA000006', '錢奕春', 32000, '1', '2023-09-18 02:07:41', '2023-09-18 10:25:33', 1, ''),
('23091810FI', '0928958260', 'chantel6709@gmail.com', '臺中市', '大里區', '泉水街11號', 'RA000008', '蔣冉瑄', 8000, '1', '2023-09-18 02:13:56', '2023-09-18 10:25:37', 2, ''),
('23091810JR', '0928958260', 'chantel6709@gmail.com', '臺中市', '大里區', '泉水街11號', 'RA000008', '蔣冉瑄', 8000, '1', '2023-09-18 02:13:04', '2023-09-18 10:26:42', 2, ''),
('23091810NA', '0926271764', 'arthur439@hotmail.com', '臺中市', '大里區', '建國西街31號', 'RA000010', '陳旭順', 8000, '1', '2023-09-18 02:20:40', '2023-09-18 10:25:43', 2, ''),
('23091810OE', '0922177963', 'lily2364@yahoo.com', '臺中市', '潭子區', '潭子街4號', 'RA000007', '陳偲璐', 28800, '1', '2023-09-18 02:11:00', '2023-09-18 10:27:08', 1, ''),
('23091810QR', '0931347252', 'rodney2738@hotmail.com', '臺中市', '西屯區', '天水西一街24號', 'RA000009', '王嘉堇', 27000, '1', '2023-09-18 02:15:44', '2023-09-18 10:26:56', 2, '房下房客會說很吵'),
('23091810RL', '0928958260', 'chantel6709@gmail.com', '臺中市', '大里區', '泉水街11號', 'RA000008', '蔣冉瑄', 8000, '1', '2023-09-18 02:14:40', '2023-09-18 10:26:12', 2, ''),
('23091810UR', '0931347252', 'rodney2738@hotmail.com', '臺中市', '西屯區', '天水西一街24號', 'RA000009', '王嘉堇', 8000, '1', '2023-09-18 02:16:47', NULL, 0, ''),
('23091810XU', '0926271764', 'arthur439@hotmail.com', '臺中市', '大里區', '建國西街31號', 'RA000010', '陳旭順', 8000, '1', '2023-09-18 02:19:01', '2023-09-18 10:26:32', 2, ''),
('23091810YJ', '0986550089', 'jerry8882@gmail.com', '臺中市', '南屯區', '文山一街16號', 'RA000006', '錢奕春', 33600, '1', '2023-09-18 02:08:36', NULL, 0, ''),
('23091810YZ', '0926271764', 'arthur439@hotmail.com', '臺中市', '大里區', '建國西街31號', 'RA000010', '陳旭順', 21600, '1', '2023-09-18 02:19:57', NULL, 0, ''),
('23091810ZF', '0986550089', 'jerry8882@gmail.com', '臺中市', '南屯區', '文山一街16號', 'RA000006', '錢奕春', 32000, '1', '2023-09-18 02:09:18', NULL, 0, ''),
('23091813CF', '0929720369', 'adames6343@hotmail.com', '臺中市', '烏日區', '自強街13號', 'RA000004', '鄭源瀾', 8000, '1', '2023-09-18 05:29:24', NULL, 0, ''),
('23091813CN', '0930398746', 'barry3965@hotmail.com', '臺中市', '太平區', '園區五路6號', 'RA000005', '李傑寒', 21600, '1', '2023-09-18 05:32:02', NULL, 0, '我家有養小狗~'),
('23091813MN', '0928958260', 'chantel6709@gmail.com', '臺中市', '大里區', '泉水街11號', 'RA000008', '蔣冉瑄', 14400, '1', '2023-09-18 05:30:51', NULL, 0, '我家的話很貴，請細心點'),
('23091813WW', '0986550089', 'jerry8882@gmail.com', '臺中市', '南屯區', '文山一街16號', 'RA000006', '錢奕春', 21600, '1', '2023-09-18 05:33:47', NULL, 0, '家有小貓'),
('23091813ZV', '0929720369', 'adames6343@hotmail.com', '臺中市', '烏日區', '自強街13號', 'RA000004', '鄭源瀾', 18000, '1', '2023-09-18 05:28:30', NULL, 0, '幫我掃乾淨點');

-- --------------------------------------------------------

--
-- Table structure for table `pricelist`
--

CREATE TABLE `pricelist` (
  `weeknumber` int(4) NOT NULL,
  `price` int(6) NOT NULL
) ENGINE=InnoDB DEFAULT CHARSET=utf8mb4;

--
-- Dumping data for table `pricelist`
--

INSERT INTO `pricelist` (`weeknumber`, `price`) VALUES
(4, 8000),
(5, 10000),
(6, 12000),
(7, 14000),
(8, 14400),
(9, 16200),
(10, 18000),
(11, 19800),
(12, 21600),
(13, 23400),
(14, 25200),
(15, 27000),
(16, 25600),
(17, 27200),
(18, 28800),
(19, 30400),
(20, 32000),
(21, 33600),
(22, 35200),
(23, 36800),
(24, 38400);

-- --------------------------------------------------------

--
-- Table structure for table `userinfo`
--

CREATE TABLE `userinfo` (
  `uid` int(10) NOT NULL,
  `name` varchar(20) NOT NULL,
  `birthday` date NOT NULL,
  `phone` varchar(10) NOT NULL,
  `email` varchar(50) NOT NULL,
  `id` varchar(10) NOT NULL,
  `password` varchar(50) NOT NULL,
  `city` varchar(10) NOT NULL DEFAULT '臺中市',
  `rural` varchar(10) NOT NULL,
  `address` varchar(50) NOT NULL,
  `admin` int(1) DEFAULT '0',
  `userid` varchar(8) NOT NULL,
  `jointime` timestamp NOT NULL DEFAULT CURRENT_TIMESTAMP,
  `blacklist` int(1) NOT NULL DEFAULT '0'
) ENGINE=InnoDB DEFAULT CHARSET=utf8;

--
-- Dumping data for table `userinfo`
--

INSERT INTO `userinfo` (`uid`, `name`, `birthday`, `phone`, `email`, `id`, `password`, `city`, `rural`, `address`, `admin`, `userid`, `jointime`, `blacklist`) VALUES
(1, '孫博國', '1968-06-20', '0936025896', 'johnson1848@gmail.com', 'V176777368', '0a287bd7a986786eacde10abb90d5c3d', '臺中市', '北屯區', '甲后路32號', 0, 'RA000001', '2023-09-18 01:26:24', 0),
(2, '沈子成', '2013-02-15', '0923230748', 'swift2607@icloud.com', 'H137147389', '0a287bd7a986786eacde10abb90d5c3d', '臺中市', '龍井區', '緯五路26號', 0, 'RA000002', '2023-09-18 01:27:28', 0),
(3, '劉星鋭', '1981-08-18', '0914009711', 'shelley5034@outlook.com', 'Q194326971', '0a287bd7a986786eacde10abb90d5c3d', '臺中市', '沙鹿區', '民族路6號', 0, 'RA000003', '2023-09-18 01:28:31', 0),
(4, '鄭源瀾', '2008-07-24', '0929720369', 'adames6343@hotmail.com', 'P232512436', '0a287bd7a986786eacde10abb90d5c3d', '臺中市', '烏日區', '自強街13號', 0, 'RA000004', '2023-09-18 01:29:06', 0),
(5, '李傑寒', '1975-12-20', '0930398746', 'barry3965@hotmail.com', 'Q167695858', '0a287bd7a986786eacde10abb90d5c3d', '臺中市', '太平區', '園區五路6號', 0, 'RA000005', '2023-09-18 01:29:49', 0),
(6, '錢奕春', '1994-12-03', '0986550089', 'jerry8882@gmail.com', 'Y169875145', '0a287bd7a986786eacde10abb90d5c3d', '臺中市', '南屯區', '文山一街16號', 0, 'RA000006', '2023-09-18 01:30:36', 0),
(7, '陳偲璐', '1974-06-06', '0922177963', 'lily2364@yahoo.com', 'F231251624', '0a287bd7a986786eacde10abb90d5c3d', '臺中市', '潭子區', '潭子街4號', 0, 'RA000007', '2023-09-18 01:32:07', 0),
(8, '蔣冉瑄', '1972-11-03', '0928958260', 'chantel6709@gmail.com', 'I291180474', '0a287bd7a986786eacde10abb90d5c3d', '臺中市', '大里區', '泉水街11號', 0, 'RA000008', '2023-09-18 01:32:48', 0),
(9, '王嘉堇', '1970-04-02', '0931347252', 'rodney2738@hotmail.com', 'U198074392', '0a287bd7a986786eacde10abb90d5c3d', '臺中市', '西屯區', '天水西一街24號', 0, 'RA000009', '2023-09-18 01:33:41', 0),
(10, '陳旭順', '2006-01-18', '0926271764', 'arthur439@hotmail.com', 'V138871509', '0a287bd7a986786eacde10abb90d5c3d', '臺中市', '大里區', '建國西街31號', 0, 'RA000010', '2023-09-18 01:34:18', 0);

-- --------------------------------------------------------

--
-- Table structure for table `userorder`
--

CREATE TABLE `userorder` (
  `ornumber` varchar(10) NOT NULL,
  `employeeid` varchar(5) NOT NULL,
  `date` date NOT NULL,
  `time` int(2) NOT NULL,
  `weeks` int(2) NOT NULL,
  `donetime` int(5) NOT NULL
) ENGINE=InnoDB DEFAULT CHARSET=utf8mb4;

--
-- Dumping data for table `userorder`
--

INSERT INTO `userorder` (`ornumber`, `employeeid`, `date`, `time`, `weeks`, `donetime`) VALUES
('23091809AK', 'RA004', '2023-09-23', 1, 9, 3),
('23091809DM', 'RA005', '2023-09-23', 1, 15, 10),
('23091809EB', 'RA006', '2023-09-28', 0, 4, 4),
('23091809EH', 'RA006', '2023-09-22', 2, 20, 11),
('23091809FN', 'RA001', '2023-09-30', 2, 16, 11),
('23091809FS', 'RA004', '2023-09-30', 1, 13, 13),
('23091809IE', 'RA002', '2023-09-22', 1, 4, 4),
('23091809IF', 'RA002', '2023-09-29', 1, 21, 15),
('23091809PC', 'RA005', '2023-09-25', 1, 12, 10),
('23091809QY', 'RA005', '2023-09-26', 1, 7, 7),
('23091809TU', 'RA001', '2023-09-25', 1, 6, 6),
('23091809UC', 'RA003', '2023-09-25', 1, 19, 19),
('23091809WA', 'RA006', '2023-09-22', 1, 4, 4),
('23091809WU', 'RA006', '2023-09-30', 2, 17, 10),
('23091809ZH', 'RA003', '2023-09-23', 1, 15, 15),
('23091810BX', 'RA001', '2023-09-27', 1, 4, 4),
('23091810CK', 'RA003', '2023-09-27', 1, 17, 6),
('23091810DN', 'RA003', '2023-09-19', 0, 4, 0),
('23091810EJ', 'RA001', '2023-09-29', 1, 20, 14),
('23091810FI', 'RA004', '2023-09-21', 2, 4, 4),
('23091810JR', 'RA001', '2023-09-19', 1, 4, 4),
('23091810NA', 'RA006', '2023-09-27', 1, 4, 4),
('23091810OE', 'RA002', '2023-09-19', 1, 18, 12),
('23091810QR', 'RA006', '2023-09-23', 1, 15, 15),
('23091810RL', 'RA002', '2023-09-20', 1, 4, 4),
('23091810UR', 'RA001', '2023-09-23', 1, 4, 0),
('23091810XU', 'RA004', '2023-09-20', 0, 4, 4),
('23091810YJ', 'RA004', '2023-09-27', 1, 21, 0),
('23091810YZ', 'RA005', '2023-09-27', 1, 12, 0),
('23091810ZF', 'RA005', '2023-09-29', 1, 20, 0),
('23091813CF', 'RA001', '2023-10-21', 1, 4, 0),
('23091813CN', 'RA001', '2023-09-23', 2, 12, 0),
('23091813MN', 'RA001', '2023-11-18', 1, 8, 0),
('23091813WW', 'RA001', '2023-09-22', 2, 12, 0),
('23091813ZV', 'RA001', '2023-09-23', 0, 10, 0);

--
-- Indexes for dumped tables
--

--
-- Indexes for table `adreessdist`
--
ALTER TABLE `adreessdist`
  ADD PRIMARY KEY (`A_I`);

--
-- Indexes for table `blacklist`
--
ALTER TABLE `blacklist`
  ADD PRIMARY KEY (`userid`),
  ADD UNIQUE KEY `userid` (`userid`);

--
-- Indexes for table `employeeinfo`
--
ALTER TABLE `employeeinfo`
  ADD PRIMARY KEY (`employeeid`),
  ADD UNIQUE KEY `employeeemail` (`employeeemail`,`employeeidnumber`);

--
-- Indexes for table `evaluate`
--
ALTER TABLE `evaluate`
  ADD PRIMARY KEY (`ornumber`);

--
-- Indexes for table `orderlist`
--
ALTER TABLE `orderlist`
  ADD PRIMARY KEY (`ornumber`);

--
-- Indexes for table `pricelist`
--
ALTER TABLE `pricelist`
  ADD PRIMARY KEY (`weeknumber`);

--
-- Indexes for table `userinfo`
--
ALTER TABLE `userinfo`
  ADD PRIMARY KEY (`uid`),
  ADD UNIQUE KEY `email` (`email`),
  ADD UNIQUE KEY `id` (`id`);

--
-- Indexes for table `userorder`
--
ALTER TABLE `userorder`
  ADD PRIMARY KEY (`ornumber`);

--
-- AUTO_INCREMENT for dumped tables
--

--
-- AUTO_INCREMENT for table `adreessdist`
--
ALTER TABLE `adreessdist`
  MODIFY `A_I` int(11) NOT NULL AUTO_INCREMENT, AUTO_INCREMENT=19;

--
-- AUTO_INCREMENT for table `userinfo`
--
ALTER TABLE `userinfo`
  MODIFY `uid` int(10) NOT NULL AUTO_INCREMENT, AUTO_INCREMENT=11;
COMMIT;

/*!40101 SET CHARACTER_SET_CLIENT=@OLD_CHARACTER_SET_CLIENT */;
/*!40101 SET CHARACTER_SET_RESULTS=@OLD_CHARACTER_SET_RESULTS */;
/*!40101 SET COLLATION_CONNECTION=@OLD_COLLATION_CONNECTION */;
